{"parameters": {"a": 3.110211277762353, "b": 19.5340036887824, "c": 1.7408032670749316, "d": 8.37202900090875, "e": 8.225906271809421, "f": 0.5000000000000048, "g": 0.6101985497781828}, "values": {"input_ref_noise": 350.89657706555954, "power": 122.30060053162227, "delay": 82.61076343071004}}