{"parameters": {"a": 11.684606536226953, "b": 29.303493609627573, "c": 7.170996675892333, "d": 226.53557643175304, "e": 210.76817184257817, "f": 1.6964138576371224, "g": 1.2995368871500483}, "values": {"input_ref_noise": 87.25060200869186, "power": 317.7972181140352, "delay": 8.152064554924785}}